
> homehuddle@1.0.0 lint
> expo lint


/Users/haewonkim/.codex-fabric/worktrees/CF-271ed28547164d4053c0c3f2/app/(app)/(tabs)/chores.tsx
     2:123  warning  'RNAnimated' is defined but never used                                                                                                                                                                                                                               @typescript-eslint/no-unused-vars
     8:10   warning  'useAuthStore' is defined but never used                                                                                                                                                                                                                             @typescript-eslint/no-unused-vars
    11:43   warning  'getDDay' is defined but never used                                                                                                                                                                                                                                  @typescript-eslint/no-unused-vars
    14:3    warning  'INITIAL_CHORES' is defined but never used                                                                                                                                                                                                                           @typescript-eslint/no-unused-vars
    14:19   warning  'INITIAL_SECTIONS' is defined but never used                                                                                                                                                                                                                         @typescript-eslint/no-unused-vars
    16:3    warning  'TODAY' is defined but never used                                                                                                                                                                                                                                    @typescript-eslint/no-unused-vars
    20:23   warning  'GripVertical' is defined but never used                                                                                                                                                                                                                             @typescript-eslint/no-unused-vars
    22:25   warning  'ListPlus' is defined but never used                                                                                                                                                                                                                                 @typescript-eslint/no-unused-vars
    24:38   warning  'HistoryIcon' is defined but never used                                                                                                                                                                                                                              @typescript-eslint/no-unused-vars
    28:93   warning  'withRepeat' is defined but never used                                                                                                                                                                                                                               @typescript-eslint/no-unused-vars
    28:105  warning  'withDelay' is defined but never used                                                                                                                                                                                                                                @typescript-eslint/no-unused-vars
    29:12   warning  'Layout' is defined but never used                                                                                                                                                                                                                                   @typescript-eslint/no-unused-vars
    29:20   warning  'interpolate' is defined but never used                                                                                                                                                                                                                              @typescript-eslint/no-unused-vars
    29:33   warning  'Extrapolation' is defined but never used                                                                                                                                                                                                                            @typescript-eslint/no-unused-vars
    31:36   warning  'Path' is defined but never used                                                                                                                                                                                                                                     @typescript-eslint/no-unused-vars
    34:1    warning  Import in body of module; reorder to top                                                                                                                                                                                                                             import/first
    34:34   warning  'Swipeable' is defined but never used                                                                                                                                                                                                                                @typescript-eslint/no-unused-vars
    34:71   warning  'PanGestureHandler' is defined but never used                                                                                                                                                                                                                        @typescript-eslint/no-unused-vars
    34:110  warning  'GHTouchableOpacity' is defined but never used                                                                                                                                                                                                                       @typescript-eslint/no-unused-vars
    35:1    warning  Import in body of module; reorder to top                                                                                                                                                                                                                             import/first
    36:1    warning  Import in body of module; reorder to top                                                                                                                                                                                                                             import/first
    36:29   warning  'ScaleDecorator' is defined but never used                                                                                                                                                                                                                           @typescript-eslint/no-unused-vars
    37:1    warning  Import in body of module; reorder to top                                                                                                                                                                                                                             import/first
    38:1    warning  Import in body of module; reorder to top                                                                                                                                                                                                                             import/first
    41:7    warning  'GOLDEN_RADIUS' is assigned a value but never used                                                                                                                                                                                                                   @typescript-eslint/no-unused-vars
    49:7    warning  'GOLDEN_CARD_BASE' is assigned a value but never used                                                                                                                                                                                                                @typescript-eslint/no-unused-vars
   141:7    warning  'SNAPPY_TIMING' is assigned a value but never used                                                                                                                                                                                                                   @typescript-eslint/no-unused-vars
   144:1    warning  Import in body of module; reorder to top                                                                                                                                                                                                                             import/first
   145:1    warning  Import in body of module; reorder to top                                                                                                                                                                                                                             import/first
   145:48   warning  'ChoreUndoRing' is defined but never used                                                                                                                                                                                                                            @typescript-eslint/no-unused-vars
   148:7    warning  'QUICK_POINTS' is assigned a value but never used                                                                                                                                                                                                                    @typescript-eslint/no-unused-vars
   159:6    warning  'ListItem' is defined but never used                                                                                                                                                                                                                                 @typescript-eslint/no-unused-vars
   250:9    warning  'scrollRef' is assigned a value but never used                                                                                                                                                                                                                       @typescript-eslint/no-unused-vars
   547:26   error    Component definition is missing display name                                                                                                                                                                                                                         react/display-name
   568:6    warning  React Hook useEffect has a missing dependency: 'translateY'. Either include it or remove the dependency array                                                                                                                                                        react-hooks/exhaustive-deps
   575:6    warning  React Hook useCallback has a missing dependency: 'translateY'. Either include it or remove the dependency array                                                                                                                                                      react-hooks/exhaustive-deps
   692:7    warning  'SectionHeader' is assigned a value but never used                                                                                                                                                                                                                   @typescript-eslint/no-unused-vars
   692:23   error    Component definition is missing display name                                                                                                                                                                                                                         react/display-name
   972:6    warning  React Hook useEffect has a missing dependency: 'translateY'. Either include it or remove the dependency array                                                                                                                                                        react-hooks/exhaustive-deps
   979:6    warning  React Hook useCallback has a missing dependency: 'translateY'. Either include it or remove the dependency array                                                                                                                                                      react-hooks/exhaustive-deps
  1006:88   error    `'` can be escaped with `&apos;`, `&lsquo;`, `&#39;`, `&rsquo;`                                                                                                                                                                                                      react/no-unescaped-entities
  1091:31   error    Component definition is missing display name                                                                                                                                                                                                                         react/display-name
  1122:10   warning  'showMemberPicker' is assigned a value but never used                                                                                                                                                                                                                @typescript-eslint/no-unused-vars
  1122:28   warning  'setShowMemberPicker' is assigned a value but never used                                                                                                                                                                                                             @typescript-eslint/no-unused-vars
  1134:6    warning  React Hook useEffect has a missing dependency: 'glowProgress'. Either include it or remove the dependency array                                                                                                                                                      react-hooks/exhaustive-deps
  1154:6    warning  React Hook useEffect has a missing dependency: 'progress'. Either include it or remove the dependency array                                                                                                                                                          react-hooks/exhaustive-deps
  1159:9    warning  'circleAnimStyle' is assigned a value but never used                                                                                                                                                                                                                 @typescript-eslint/no-unused-vars
  1631:9    warning  'didDragRef' is assigned a value but never used                                                                                                                                                                                                                      @typescript-eslint/no-unused-vars
  1809:18   warning  'err' is defined but never used                                                                                                                                                                                                                                      @typescript-eslint/no-unused-vars
  1817:8    warning  React Hook useEffect has missing dependencies: 'onScrolledToChore' and 'setCollapsed'. Either include them or remove the dependency array. If 'setCollapsed' changes too often, find the parent component that defines it and wrap that definition in useCallback    react-hooks/exhaustive-deps
  1934:8    warning  React Hook useCallback has missing dependencies: 'onReorderSections' and 'setCollapsed'. Either include them or remove the dependency array. If 'setCollapsed' changes too often, find the parent component that defines it and wrap that definition in useCallback  react-hooks/exhaustive-deps
  2096:10   warning  'endCountError' is assigned a value but never used                                                                                                                                                                                                                   @typescript-eslint/no-unused-vars
  2100:10   warning  'dueTime' is assigned a value but never used                                                                                                                                                                                                                         @typescript-eslint/no-unused-vars
  2100:19   warning  'setDueTime' is assigned a value but never used                                                                                                                                                                                                                      @typescript-eslint/no-unused-vars
  2101:10   warning  'showTimePicker' is assigned a value but never used                                                                                                                                                                                                                  @typescript-eslint/no-unused-vars
  2101:26   warning  'setShowTimePicker' is assigned a value but never used                                                                                                                                                                                                               @typescript-eslint/no-unused-vars
  2184:10   warning  'showRecurringDropdown' is assigned a value but never used                                                                                                                                                                                                           @typescript-eslint/no-unused-vars
  2196:6    warning  React Hook useEffect has a missing dependency: 'translateY'. Either include it or remove the dependency array                                                                                                                                                        react-hooks/exhaustive-deps
  2210:6    warning  React Hook useEffect has missing dependencies: 'sectionId' and 'sections'. Either include them or remove the dependency array                                                                                                                                        react-hooks/exhaustive-deps
  2238:6    warning  React Hook useEffect has a missing dependency: 'endUntilDate'. Either include it or remove the dependency array                                                                                                                                                      react-hooks/exhaustive-deps
  2251:6    warning  React Hook useEffect has a missing dependency: 'endCount'. Either include it or remove the dependency array                                                                                                                                                          react-hooks/exhaustive-deps
  3047:25   error    `"` can be escaped with `&quot;`, `&ldquo;`, `&#34;`, `&rdquo;`                                                                                                                                                                                                      react/no-unescaped-entities
  3047:49   error    `"` can be escaped with `&quot;`, `&ldquo;`, `&#34;`, `&rdquo;`                                                                                                                                                                                                      react/no-unescaped-entities
  4174:28   error    Component definition is missing display name                                                                                                                                                                                                                         react/display-name
  4258:5    warning  'completeChore' is assigned a value but never used                                                                                                                                                                                                                   @typescript-eslint/no-unused-vars
  4305:6    warning  React Hook useEffect has a missing dependency: 'purgeDeletedChores'. Either include it or remove the dependency array                                                                                                                                                react-hooks/exhaustive-deps
  4316:10   warning  'editingSectionId' is assigned a value but never used                                                                                                                                                                                                                @typescript-eslint/no-unused-vars
  4351:6    warning  React Hook useEffect has a missing dependency: 'setFilter'. Either include it or remove the dependency array                                                                                                                                                         react-hooks/exhaustive-deps
  4401:9    warning  'listRef' is assigned a value but never used                                                                                                                                                                                                                         @typescript-eslint/no-unused-vars
  4402:9    warning  'flatListRef' is assigned a value but never used                                                                                                                                                                                                                     @typescript-eslint/no-unused-vars
  4403:9    warning  'mainScrollRef' is assigned a value but never used                                                                                                                                                                                                                   @typescript-eslint/no-unused-vars
  4435:6    warning  React Hook useEffect has missing dependencies: 'chores', 'isSearchOpen', 'selectedDate', and 'updateSection'. Either include them or remove the dependency array                                                                                                     react-hooks/exhaustive-deps
  4442:6    warning  React Hook useEffect has a missing dependency: 'searchOpenVal'. Either include it or remove the dependency array                                                                                                                                                     react-hooks/exhaustive-deps
  4473:6    warning  React Hook useEffect has missing dependencies: 'chores' and 'updateChore'. Either include them or remove the dependency array                                                                                                                                        react-hooks/exhaustive-deps
  4473:11   error    Definition for rule 'react-hooks/exhaustive-deps — intentionally runs once on mount' was not found                                                                                                                                                                   react-hooks/exhaustive-deps — intentionally runs once on mount
  4476:9    warning  'handleRenameSection' is assigned a value but never used                                                                                                                                                                                                             @typescript-eslint/no-unused-vars
  4480:9    warning  'handleDeleteSection' is assigned a value but never used                                                                                                                                                                                                             @typescript-eslint/no-unused-vars
  4487:9    warning  'handleChangeSectionColor' is assigned a value but never used                                                                                                                                                                                                        @typescript-eslint/no-unused-vars
  4491:9    warning  'handleMoveSectionUp' is assigned a value but never used                                                                                                                                                                                                             @typescript-eslint/no-unused-vars
  4499:9    warning  'handleMoveSectionDown' is assigned a value but never used                                                                                                                                                                                                           @typescript-eslint/no-unused-vars
  4599:6    warning  React Hook useCallback has missing dependencies: 'addRestockItem', 'allChores', 'startUndoTimer', and 'updateMemberStats'. Either include them or remove the dependency array                                                                                        react-hooks/exhaustive-deps
  4694:6    warning  React Hook useCallback has a missing dependency: 'startUndoTimer'. Either include it or remove the dependency array                                                                                                                                                  react-hooks/exhaustive-deps
  4742:6    warning  React Hook useCallback has a missing dependency: 'startUndoTimer'. Either include it or remove the dependency array                                                                                                                                                  react-hooks/exhaustive-deps
  4816:6    warning  React Hook useCallback has a missing dependency: 'updateMemberStats'. Either include it or remove the dependency array                                                                                                                                               react-hooks/exhaustive-deps
  4892:6    warning  React Hook useCallback has missing dependencies: 'removeChoreDeletedDate', 'restoreChore', and 'updateMemberStats'. Either include them or remove the dependency array                                                                                               react-hooks/exhaustive-deps
  4901:9    warning  'handleAddChore' is assigned a value but never used                                                                                                                                                                                                                  @typescript-eslint/no-unused-vars
  4928:11   warning  'isWeekly' is assigned a value but never used                                                                                                                                                                                                                        @typescript-eslint/no-unused-vars
  5025:6    warning  React Hook useMemo has missing dependencies: 'vacationMode?.active', 'vacationMode.endDate', and 'vacationMode.startDate'. Either include them or remove the dependency array                                                                                        react-hooks/exhaustive-deps
  5072:9    warning  'handleToggleSection' is assigned a value but never used                                                                                                                                                                                                             @typescript-eslint/no-unused-vars
  5134:6    warning  React Hook useCallback has a missing dependency: 'startUndoTimer'. Either include it or remove the dependency array                                                                                                                                                  react-hooks/exhaustive-deps
  5343:6    warning  React Hook useCallback has a missing dependency: 'allChores'. Either include it or remove the dependency array                                                                                                                                                       react-hooks/exhaustive-deps
  5345:9    warning  'onReorderChores' is assigned a value but never used                                                                                                                                                                                                                 @typescript-eslint/no-unused-vars
  5365:9    warning  'onMoveChoreBetweenSections' is assigned a value but never used                                                                                                                                                                                                      @typescript-eslint/no-unused-vars
  5460:9    warning  'handleCompleteOnBehalf' is assigned a value but never used                                                                                                                                                                                                          @typescript-eslint/no-unused-vars
  5529:6    warning  React Hook useCallback has a missing dependency: 'startUndoTimer'. Either include it or remove the dependency array                                                                                                                                                  react-hooks/exhaustive-deps
  5590:9    warning  'handleEditChore' is assigned a value but never used                                                                                                                                                                                                                 @typescript-eslint/no-unused-vars
  5595:9    warning  'handleStartEditSection' is assigned a value but never used                                                                                                                                                                                                          @typescript-eslint/no-unused-vars
  5599:9    warning  'handleEndEditSection' is assigned a value but never used                                                                                                                                                                                                            @typescript-eslint/no-unused-vars
  5603:9    warning  'handleReorderSections' is assigned a value but never used                                                                                                                                                                                                           @typescript-eslint/no-unused-vars
  5612:9    warning  'handleGoToInstance' is assigned a value but never used                                                                                                                                                                                                              @typescript-eslint/no-unused-vars
  5634:6    warning  React Hook useCallback has a missing dependency: 'updateSection'. Either include it or remove the dependency array                                                                                                                                                   react-hooks/exhaustive-deps
  5637:9    warning  'overdueTitles' is assigned a value but never used                                                                                                                                                                                                                   @typescript-eslint/no-unused-vars
  5671:132  error    `'` can be escaped with `&apos;`, `&lsquo;`, `&#39;`, `&rsquo;`                                                                                                                                                                                                      react/no-unescaped-entities
  5825:6    warning  React Hook useMemo has missing dependencies: 'currentUser', 'vacationMode?.active', 'vacationMode.endDate', and 'vacationMode.startDate'. Either include them or remove the dependency array                                                                         react-hooks/exhaustive-deps
  5849:9    warning  'renderHeader' is assigned a value but never used                                                                                                                                                                                                                    @typescript-eslint/no-unused-vars
  5856:11   warning  'daySections' is assigned a value but never used                                                                                                                                                                                                                     @typescript-eslint/no-unused-vars
  5956:6    warning  React Hook useMemo has unnecessary dependencies: 'chores' and 'scope'. Either exclude them or remove the dependency array                                                                                                                                            react-hooks/exhaustive-deps
  5957:9    warning  'renderFooter' is assigned a value but never used                                                                                                                                                                                                                    @typescript-eslint/no-unused-vars
  6174:21   warning  'q' is assigned a value but never used                                                                                                                                                                                                                               @typescript-eslint/no-unused-vars
  6466:102  warning  React Hook useEffect has a missing dependency: 'translateY'. Either include it or remove the dependency array                                                                                                                                                        react-hooks/exhaustive-deps
  6704:106  warning  React Hook useEffect has missing dependencies: 'itemWidth', 'options', and 'translateX'. Either include them or remove the dependency array                                                                                                                          react-hooks/exhaustive-deps

/Users/haewonkim/.codex-fabric/worktrees/CF-271ed28547164d4053c0c3f2/app/(app)/(tabs)/family.tsx
     1:47  warning  'useRef' is defined but never used                                                                           @typescript-eslint/no-unused-vars
     3:47  warning  'Image' is defined but never used                                                                            @typescript-eslint/no-unused-vars
     4:12  warning  'Pressable' is defined but never used                                                                        @typescript-eslint/no-unused-vars
     9:5   warning  'Users' is defined but never used                                                                            @typescript-eslint/no-unused-vars
     9:30  warning  'Heart' is defined but never used                                                                            @typescript-eslint/no-unused-vars
    10:19  warning  'ArrowUpRight' is defined but never used                                                                     @typescript-eslint/no-unused-vars
    11:5   warning  'Calendar' is defined but never used                                                                         @typescript-eslint/no-unused-vars
    11:15  warning  'Info' is defined but never used                                                                             @typescript-eslint/no-unused-vars
    11:24  warning  'Bell' is defined but never used                                                                             @typescript-eslint/no-unused-vars
    11:38  warning  'Wifi' is defined but never used                                                                             @typescript-eslint/no-unused-vars
    13:5   warning  'Smile' is defined but never used                                                                            @typescript-eslint/no-unused-vars
    13:12  warning  'Activity' is defined but never used                                                                         @typescript-eslint/no-unused-vars
    13:22  warning  'Globe' is defined but never used                                                                            @typescript-eslint/no-unused-vars
    13:29  warning  'MapPin' is defined but never used                                                                           @typescript-eslint/no-unused-vars
    14:26  warning  'AlertTriangle' is defined but never used                                                                    @typescript-eslint/no-unused-vars
    14:41  warning  'CloudSun' is defined but never used                                                                         @typescript-eslint/no-unused-vars
    15:5   warning  'Leaf' is defined but never used                                                                             @typescript-eslint/no-unused-vars
    15:11  warning  'Monitor' is defined but never used                                                                          @typescript-eslint/no-unused-vars
    15:20  warning  'ShoppingBag' is defined but never used                                                                      @typescript-eslint/no-unused-vars
    15:33  warning  'Quote' is defined but never used                                                                            @typescript-eslint/no-unused-vars
    16:50  warning  'Settings2' is defined but never used                                                                        @typescript-eslint/no-unused-vars
    17:28  warning  'Send' is defined but never used                                                                             @typescript-eslint/no-unused-vars
    17:34  warning  'Check' is defined but never used                                                                            @typescript-eslint/no-unused-vars
    22:17  warning  'FadeInRight' is defined but never used                                                                      @typescript-eslint/no-unused-vars
    24:5   warning  'SlideInRight' is defined but never used                                                                     @typescript-eslint/no-unused-vars
    24:19  warning  'SlideOutLeft' is defined but never used                                                                     @typescript-eslint/no-unused-vars
    26:36  warning  'GestureHandlerRootView' is defined but never used                                                           @typescript-eslint/no-unused-vars
   321:7   warning  'SectionHeader' is assigned a value but never used                                                           @typescript-eslint/no-unused-vars
   369:8   warning  React Hook useEffect has a missing dependency: 'rotation'. Either include it or remove the dependency array  react-hooks/exhaustive-deps
   411:10  warning  'FamilyFinancialWidget' is defined but never used                                                            @typescript-eslint/no-unused-vars
   880:24  warning  'recipes' is assigned a value but never used                                                                 @typescript-eslint/no-unused-vars
   880:33  warning  'weekMenu' is assigned a value but never used                                                                @typescript-eslint/no-unused-vars
   880:43  warning  'menuPhase' is assigned a value but never used                                                               @typescript-eslint/no-unused-vars
   882:9   warning  'birthdays' is assigned a value but never used                                                               @typescript-eslint/no-unused-vars
   882:26  warning  'voteForRecipe' is assigned a value but never used                                                           @typescript-eslint/no-unused-vars
   884:9   warning  'addAnnouncementReaction' is assigned a value but never used                                                 @typescript-eslint/no-unused-vars
   932:11  warning  'totalPoints' is assigned a value but never used                                                             @typescript-eslint/no-unused-vars
   933:11  warning  'leader' is assigned a value but never used                                                                  @typescript-eslint/no-unused-vars
   935:11  warning  'handleCopyWifi' is assigned a value but never used                                                          @typescript-eslint/no-unused-vars
  1016:23  warning  'CELL' is assigned a value but never used                                                                    @typescript-eslint/no-unused-vars
  1017:23  warning  'DAY_MS' is assigned a value but never used                                                                  @typescript-eslint/no-unused-vars
  1042:23  warning  'oldestLabel' is assigned a value but never used                                                             @typescript-eslint/no-unused-vars
  1043:23  warning  'newestLabel' is assigned a value but never used                                                             @typescript-eslint/no-unused-vars

/Users/haewonkim/.codex-fabric/worktrees/CF-271ed28547164d4053c0c3f2/app/(app)/(tabs)/index.tsx
    10:3    warning  'ActivityIndicator' is defined but never used                                                                                                           @typescript-eslint/no-unused-vars
    16:3    warning  'PanResponder' is defined but never used                                                                                                                @typescript-eslint/no-unused-vars
    21:13   warning  'ImagePicker' is defined but never used                                                                                                                 @typescript-eslint/no-unused-vars
    25:10   warning  'supabase' is defined but never used                                                                                                                    @typescript-eslint/no-unused-vars
    26:23   warning  'parseLocalDate' is defined but never used                                                                                                              @typescript-eslint/no-unused-vars
    26:39   warning  'getLocalFormattedDate' is defined but never used                                                                                                       @typescript-eslint/no-unused-vars
    26:62   warning  'computeNextDate' is defined but never used                                                                                                             @typescript-eslint/no-unused-vars
    28:26   warning  'ChoreUndoRing' is defined but never used                                                                                                               @typescript-eslint/no-unused-vars
    31:10   warning  'classify' is defined but never used                                                                                                                    @typescript-eslint/no-unused-vars
    33:3    warning  'Home' is defined but never used                                                                                                                        @typescript-eslint/no-unused-vars
    40:3    warning  'Clock' is defined but never used                                                                                                                       @typescript-eslint/no-unused-vars
    47:3    warning  'ChevronUp' is defined but never used                                                                                                                   @typescript-eslint/no-unused-vars
    49:3    warning  'AlertTriangle' is defined but never used                                                                                                               @typescript-eslint/no-unused-vars
    50:3    warning  'Camera' is defined but never used                                                                                                                      @typescript-eslint/no-unused-vars
    53:3    warning  'BellRing' is defined but never used                                                                                                                    @typescript-eslint/no-unused-vars
    54:3    warning  'UserPlus' is defined but never used                                                                                                                    @typescript-eslint/no-unused-vars
    55:3    warning  'LogOut' is defined but never used                                                                                                                      @typescript-eslint/no-unused-vars
    56:3    warning  'Shield' is defined but never used                                                                                                                      @typescript-eslint/no-unused-vars
    57:3    warning  'Bell' is defined but never used                                                                                                                        @typescript-eslint/no-unused-vars
    58:3    warning  'User' is defined but never used                                                                                                                        @typescript-eslint/no-unused-vars
    59:3    warning  'UserCheck' is defined but never used                                                                                                                   @typescript-eslint/no-unused-vars
    60:3    warning  'Repeat2' is defined but never used                                                                                                                     @typescript-eslint/no-unused-vars
    61:3    warning  'Circle' is defined but never used                                                                                                                      @typescript-eslint/no-unused-vars
    63:3    warning  'CheckCircle' is defined but never used                                                                                                                 @typescript-eslint/no-unused-vars
    64:3    warning  'MoreHorizontal' is defined but never used                                                                                                              @typescript-eslint/no-unused-vars
    67:3    warning  'RotateCcw' is defined but never used                                                                                                                   @typescript-eslint/no-unused-vars
    70:3    warning  'MessageSquare' is defined but never used                                                                                                               @typescript-eslint/no-unused-vars
    71:3    warning  'Send' is defined but never used                                                                                                                        @typescript-eslint/no-unused-vars
    72:3    warning  'MessageCircle' is defined but never used                                                                                                               @typescript-eslint/no-unused-vars
    73:3    warning  'Mic' is defined but never used                                                                                                                         @typescript-eslint/no-unused-vars
    74:3    warning  'PieChart' is defined but never used                                                                                                                    @typescript-eslint/no-unused-vars
    81:3    warning  'Scale' is defined but never used                                                                                                                       @typescript-eslint/no-unused-vars
   143:3    warning  'interpolate' is defined but never used                                                                                                                 @typescript-eslint/no-unused-vars
   144:3    warning  'Extrapolation' is defined but never used                                                                                                               @typescript-eslint/no-unused-vars
   146:3    warning  'FadeIn' is defined but never used                                                                                                                      @typescript-eslint/no-unused-vars
   148:3    warning  'SlideInDown' is defined but never used                                                                                                                 @typescript-eslint/no-unused-vars
   149:3    warning  'FadeInRight' is defined but never used                                                                                                                 @typescript-eslint/no-unused-vars
   151:3    warning  'FadeOutUp' is defined but never used                                                                                                                   @typescript-eslint/no-unused-vars
   152:3    warning  'Layout' is defined but never used                                                                                                                      @typescript-eslint/no-unused-vars
   153:3    warning  'withDelay' is defined but never used                                                                                                                   @typescript-eslint/no-unused-vars
   154:3    warning  'useAnimatedScrollHandler' is defined but never used                                                                                                    @typescript-eslint/no-unused-vars
   155:3    warning  'interpolateColor' is defined but never used                                                                                                            @typescript-eslint/no-unused-vars
   157:3    warning  'cancelAnimation' is defined but never used                                                                                                             @typescript-eslint/no-unused-vars
   159:47   warning  'PanGestureHandler' is defined but never used                                                                                                           @typescript-eslint/no-unused-vars
   187:7    warning  'MOCK_FAMILY' is assigned a value but never used                                                                                                        @typescript-eslint/no-unused-vars
   252:6    warning  React Hook useEffect has a missing dependency: 'translateY'. Either include it or remove the dependency array                                           react-hooks/exhaustive-deps
   747:6    warning  React Hook useEffect has a missing dependency: 'slideY'. Either include it or remove the dependency array                                               react-hooks/exhaustive-deps
   838:6    warning  React Hook useCallback has a missing dependency: 'holdProgress'. Either include it or remove the dependency array                                       react-hooks/exhaustive-deps
   844:6    warning  React Hook useCallback has a missing dependency: 'holdProgress'. Either include it or remove the dependency array                                       react-hooks/exhaustive-deps
  1030:6    warning  React Hook useEffect has missing dependencies: 'activeIndex' and 'top'. Either include them or remove the dependency array                              react-hooks/exhaustive-deps
  1140:6    warning  React Hook useEffect has a missing dependency: 'scale'. Either include it or remove the dependency array                                                react-hooks/exhaustive-deps
  1144:7    warning  'FamilyGoalPulse' is assigned a value but never used                                                                                                    @typescript-eslint/no-unused-vars
  1281:6    warning  React Hook useEffect has a missing dependency: 'opacity'. Either include it or remove the dependency array                                              react-hooks/exhaustive-deps
  1373:7    warning  'AnnouncementTicker' is assigned a value but never used                                                                                                 @typescript-eslint/no-unused-vars
  1408:6    warning  React Hook useEffect has a missing dependency: 'arcProgress'. Either include it or remove the dependency array                                          react-hooks/exhaustive-deps
  1417:6    warning  React Hook useEffect has a missing dependency: 'pulseScale'. Either include it or remove the dependency array                                           react-hooks/exhaustive-deps
  1422:116  warning  React Hook useEffect has a missing dependency: 'countVal'. Either include it or remove the dependency array                                             react-hooks/exhaustive-deps
  1423:9    warning  'countStyle' is assigned a value but never used                                                                                                         @typescript-eslint/no-unused-vars
  1433:9    warning  'x1' is assigned a value but never used                                                                                                                 @typescript-eslint/no-unused-vars
  1434:9    warning  'y1' is assigned a value but never used                                                                                                                 @typescript-eslint/no-unused-vars
  1435:9    warning  'x2' is assigned a value but never used                                                                                                                 @typescript-eslint/no-unused-vars
  1436:9    warning  'y2' is assigned a value but never used                                                                                                                 @typescript-eslint/no-unused-vars
  1491:155  error    `'` can be escaped with `&apos;`, `&lsquo;`, `&#39;`, `&rsquo;`                                                                                         react/no-unescaped-entities
  1520:107  error    `'` can be escaped with `&apos;`, `&lsquo;`, `&#39;`, `&rsquo;`                                                                                         react/no-unescaped-entities
  1675:6    warning  React Hook useEffect has missing dependencies: 'opacity' and 'scale'. Either include them or remove the dependency array                                react-hooks/exhaustive-deps
  1811:6    warning  React Hook useEffect has a missing dependency: 'slideY'. Either include it or remove the dependency array                                               react-hooks/exhaustive-deps
  2084:6    warning  React Hook useEffect has a missing dependency: 'translateY'. Either include it or remove the dependency array                                           react-hooks/exhaustive-deps
  2100:167  error    React Hook "useAnimatedStyle" is called conditionally. React Hooks must be called in the exact same order in every component render                     react-hooks/rules-of-hooks
  2204:6    warning  React Hook useEffect has a missing dependency: 'translateY'. Either include it or remove the dependency array                                           react-hooks/exhaustive-deps
  2331:152  error    `'` can be escaped with `&apos;`, `&lsquo;`, `&#39;`, `&rsquo;`                                                                                         react/no-unescaped-entities
  2558:6    warning  React Hook useEffect has a missing dependency: 'translateY'. Either include it or remove the dependency array                                           react-hooks/exhaustive-deps
  2794:6    warning  React Hook useEffect has missing dependencies: 'activeIndex', 'getX', 'x', and 'y'. Either include them or remove the dependency array                  react-hooks/exhaustive-deps
  2904:6    warning  React Hook useEffect has a missing dependency: 'gaugeWidth'. Either include it or remove the dependency array                                           react-hooks/exhaustive-deps
  3047:6    warning  React Hook useEffect has a missing dependency: 'translateY'. Either include it or remove the dependency array                                           react-hooks/exhaustive-deps
  3055:9    warning  'handleVote' is assigned a value but never used                                                                                                         @typescript-eslint/no-unused-vars
  3226:6    warning  React Hook useEffect has a missing dependency: 'translateY'. Either include it or remove the dependency array                                           react-hooks/exhaustive-deps
  3341:9    warning  'insets' is assigned a value but never used                                                                                                             @typescript-eslint/no-unused-vars
  3351:10   warning  'editingChore' is assigned a value but never used                                                                                                       @typescript-eslint/no-unused-vars
  3351:24   warning  'setEditingChore' is assigned a value but never used                                                                                                    @typescript-eslint/no-unused-vars
  3361:10   warning  'autoToastDetail' is assigned a value but never used                                                                                                    @typescript-eslint/no-unused-vars
  3361:27   warning  'setAutoToastDetail' is assigned a value but never used                                                                                                 @typescript-eslint/no-unused-vars
  3373:11   warning  'session' is assigned a value but never used                                                                                                            @typescript-eslint/no-unused-vars
  3373:20   warning  'isDevBypass' is assigned a value but never used                                                                                                        @typescript-eslint/no-unused-vars
  3374:222  warning  'goals' is assigned a value but never used                                                                                                              @typescript-eslint/no-unused-vars
  3379:6    warning  React Hook useEffect has missing dependencies: 'setStoreMachines' and 'storeMachines.length'. Either include them or remove the dependency array        react-hooks/exhaustive-deps
  3382:6    warning  React Hook useEffect has missing dependencies: 'setStoreAutomations' and 'storeAutomations.length'. Either include them or remove the dependency array  react-hooks/exhaustive-deps
  3550:415  error    `"` can be escaped with `&quot;`, `&ldquo;`, `&#34;`, `&rdquo;`                                                                                         react/no-unescaped-entities
  3550:432  error    `"` can be escaped with `&quot;`, `&ldquo;`, `&#34;`, `&rdquo;`                                                                                         react/no-unescaped-entities

/Users/haewonkim/.codex-fabric/worktrees/CF-271ed28547164d4053c0c3f2/app/(app)/(tabs)/market.tsx
    11:49   warning  'withSequence' is defined but never used                                                                                                                                                          @typescript-eslint/no-unused-vars
    12:3    warning  'FadeInDown' is defined but never used                                                                                                                                                            @typescript-eslint/no-unused-vars
    12:15   warning  'FadeOut' is defined but never used                                                                                                                                                               @typescript-eslint/no-unused-vars
    12:32   warning  'runOnJS' is defined but never used                                                                                                                                                               @typescript-eslint/no-unused-vars
    16:3    warning  'MoreHorizontal' is defined but never used                                                                                                                                                        @typescript-eslint/no-unused-vars
    17:3    warning  'ShieldCheck' is defined but never used                                                                                                                                                           @typescript-eslint/no-unused-vars
    17:30   warning  'Timer' is defined but never used                                                                                                                                                                 @typescript-eslint/no-unused-vars
    83:7    warning  'FAMILY_MEMBERS' is assigned a value but never used                                                                                                                                               @typescript-eslint/no-unused-vars
   111:7    warning  'BASE_CATEGORIES' is assigned a value but never used                                                                                                                                              @typescript-eslint/no-unused-vars
   205:10   warning  'suggestion' is assigned a value but never used                                                                                                                                                   @typescript-eslint/no-unused-vars
   205:22   warning  'setSuggestion' is assigned a value but never used                                                                                                                                                @typescript-eslint/no-unused-vars
   271:93   warning  React Hook useEffect has a missing dependency: 'translateY'. Either include it or remove the dependency array                                                                                     react-hooks/exhaustive-deps
   543:99   error    `"` can be escaped with `&quot;`, `&ldquo;`, `&#34;`, `&rdquo;`                                                                                                                                   react/no-unescaped-entities
   543:111  error    `"` can be escaped with `&quot;`, `&ldquo;`, `&#34;`, `&rdquo;`                                                                                                                                   react/no-unescaped-entities
   640:93   warning  React Hook useEffect has a missing dependency: 'translateY'. Either include it or remove the dependency array                                                                                     react-hooks/exhaustive-deps
   778:93   warning  React Hook useEffect has a missing dependency: 'translateY'. Either include it or remove the dependency array                                                                                     react-hooks/exhaustive-deps
  1243:17   warning  'SCREEN_H' is assigned a value but never used                                                                                                                                                     @typescript-eslint/no-unused-vars
  1246:10   warning  'ConfirmSheet' is defined but never used                                                                                                                                                          @typescript-eslint/no-unused-vars
  1255:91   warning  React Hook useEffect has a missing dependency: 'translateY'. Either include it or remove the dependency array                                                                                     react-hooks/exhaustive-deps
  1333:6    warning  React Hook useEffect has missing dependencies: 'badgeOp', 'badgeScale', 'cardOp', 'cardScale', 'cardY', 'onDone', and 'strikeOp'. Either include them or remove the dependency array              react-hooks/exhaustive-deps
  1401:9    warning  'insets' is assigned a value but never used                                                                                                                                                       @typescript-eslint/no-unused-vars
  1403:67   warning  'storeAddItem' is assigned a value but never used                                                                                                                                                 @typescript-eslint/no-unused-vars
  1403:99   warning  'storeUpdateItem' is assigned a value but never used                                                                                                                                              @typescript-eslint/no-unused-vars
  1403:134  warning  'storeDeleteItem' is assigned a value but never used                                                                                                                                              @typescript-eslint/no-unused-vars
  1403:207  warning  'addMarketFlashSale' is assigned a value but never used                                                                                                                                           @typescript-eslint/no-unused-vars
  1403:227  warning  'removeMarketFlashSale' is assigned a value but never used                                                                                                                                        @typescript-eslint/no-unused-vars
  1410:6    warning  React Hook useEffect has missing dependencies: 'marketItemHistory.length', 'setMarketItemHistory', 'setMarketItems', and 'storeItems.length'. Either include them or remove the dependency array  react-hooks/exhaustive-deps
  1432:10   warning  'showAddMenu' is assigned a value but never used                                                                                                                                                  @typescript-eslint/no-unused-vars
  1432:23   warning  'setShowAddMenu' is assigned a value but never used                                                                                                                                               @typescript-eslint/no-unused-vars
  1540:6    warning  React Hook useCallback has a missing dependency: 'setItems'. Either include it or remove the dependency array                                                                                     react-hooks/exhaustive-deps
  1546:6    warning  React Hook useCallback has a missing dependency: 'setItems'. Either include it or remove the dependency array                                                                                     react-hooks/exhaustive-deps
  1557:6    warning  React Hook useCallback has a missing dependency: 'setItems'. Either include it or remove the dependency array                                                                                     react-hooks/exhaustive-deps
  1574:6    warning  React Hook useCallback has a missing dependency: 'setItems'. Either include it or remove the dependency array                                                                                     react-hooks/exhaustive-deps
  1577:11   warning  'today' is assigned a value but never used                                                                                                                                                        @typescript-eslint/no-unused-vars
  1579:6    warning  React Hook useCallback has a missing dependency: 'setItems'. Either include it or remove the dependency array                                                                                     react-hooks/exhaustive-deps
  1753:100  error    `"` can be escaped with `&quot;`, `&ldquo;`, `&#34;`, `&rdquo;`                                                                                                                                   react/no-unescaped-entities
  1753:114  error    `"` can be escaped with `&quot;`, `&ldquo;`, `&#34;`, `&rdquo;`                                                                                                                                   react/no-unescaped-entities

/Users/haewonkim/.codex-fabric/worktrees/CF-271ed28547164d4053c0c3f2/app/(app)/(tabs)/restock.tsx
     4:21  warning  'Alert' is defined but never used                                                                                                                                                                                                                                  @typescript-eslint/no-unused-vars
     4:28  warning  'Image' is defined but never used                                                                                                                                                                                                                                  @typescript-eslint/no-unused-vars
     4:52  warning  'Pressable' is defined but never used                                                                                                                                                                                                                              @typescript-eslint/no-unused-vars
    10:37  warning  'withSpring' is defined but never used                                                                                                                                                                                                                             @typescript-eslint/no-unused-vars
    10:49  warning  'withSequence' is defined but never used                                                                                                                                                                                                                           @typescript-eslint/no-unused-vars
    11:24  warning  'Layout' is defined but never used                                                                                                                                                                                                                                 @typescript-eslint/no-unused-vars
    11:32  warning  'withDelay' is defined but never used                                                                                                                                                                                                                              @typescript-eslint/no-unused-vars
    14:26  warning  'Flame' is defined but never used                                                                                                                                                                                                                                  @typescript-eslint/no-unused-vars
    16:3   warning  'Zap' is defined but never used                                                                                                                                                                                                                                    @typescript-eslint/no-unused-vars
    16:30  warning  'GripVertical' is defined but never used                                                                                                                                                                                                                           @typescript-eslint/no-unused-vars
    16:51  warning  'Tag' is defined but never used                                                                                                                                                                                                                                    @typescript-eslint/no-unused-vars
    22:1   warning  Import in body of module; reorder to top                                                                                                                                                                                                                           import/first
    22:20  warning  'searchSuggestions' is defined but never used                                                                                                                                                                                                                      @typescript-eslint/no-unused-vars
    23:1   warning  Import in body of module; reorder to top                                                                                                                                                                                                                           import/first
    25:9   warning  'width' is assigned a value but never used                                                                                                                                                                                                                         @typescript-eslint/no-unused-vars
    25:16  warning  'height' is assigned a value but never used                                                                                                                                                                                                                        @typescript-eslint/no-unused-vars
    68:7   warning  'SNAP_SPRING' is assigned a value but never used                                                                                                                                                                                                                   @typescript-eslint/no-unused-vars
    69:7   warning  'TRANSITION_CONFIG' is assigned a value but never used                                                                                                                                                                                                             @typescript-eslint/no-unused-vars
    78:6   warning  React Hook useEffect has missing dependencies: 'duration' and 'progress'. Either include them or remove the dependency array                                                                                                                                       react-hooks/exhaustive-deps
   137:19  error    Component definition is missing display name                                                                                                                                                                                                                       react/display-name
   213:19  error    Component definition is missing display name                                                                                                                                                                                                                       react/display-name
   531:25  error    Component definition is missing display name                                                                                                                                                                                                                       react/display-name
   573:21  error    Component definition is missing display name                                                                                                                                                                                                                       react/display-name
   610:34  error    Component definition is missing display name                                                                                                                                                                                                                       react/display-name
   644:6   warning  React Hook useEffect has missing dependencies: 'isDraggingInternal.value' and 'positionOffset'. Either include them or remove the dependency array                                                                                                                 react-hooks/exhaustive-deps
   733:30  error    Component definition is missing display name                                                                                                                                                                                                                       react/display-name
   759:6   warning  React Hook useEffect has missing dependencies: 'isDragging.value' and 'positionOffset'. Either include them or remove the dependency array                                                                                                                         react-hooks/exhaustive-deps
   818:9   warning  'insets' is assigned a value but never used                                                                                                                                                                                                                        @typescript-eslint/no-unused-vars
   848:31  warning  The ref value 'timersRef.current' will likely have changed by the time this effect cleanup function runs. If this ref points to a node rendered by React, copy 'timersRef.current' to a variable inside the effect, and use that variable in the cleanup function  react-hooks/exhaustive-deps
   906:6   warning  React Hook useCallback has a missing dependency: 'familyMembers'. Either include it or remove the dependency array                                                                                                                                                 react-hooks/exhaustive-deps
  1298:17  error    `"` can be escaped with `&quot;`, `&ldquo;`, `&#34;`, `&rdquo;`                                                                                                                                                                                                    react/no-unescaped-entities
  1298:33  error    `"` can be escaped with `&quot;`, `&ldquo;`, `&#34;`, `&rdquo;`                                                                                                                                                                                                    react/no-unescaped-entities

/Users/haewonkim/.codex-fabric/worktrees/CF-271ed28547164d4053c0c3f2/app/(app)/(tabs)/wallet.tsx
     4:8    warning  '/Users/haewonkim/.codex-fabric/worktrees/CF-271ed28547164d4053c0c3f2/node_modules/react-native/index.js' imported multiple times                                       import/no-duplicates
    10:81   warning  'withSequence' is defined but never used                                                                                                                                @typescript-eslint/no-unused-vars
    16:34   warning  '/Users/haewonkim/.codex-fabric/worktrees/CF-271ed28547164d4053c0c3f2/node_modules/react-native/index.js' imported multiple times                                       import/no-duplicates
    61:7    warning  'HISTORIES' is assigned a value but never used                                                                                                                          @typescript-eslint/no-unused-vars
    78:7    warning  'TRANSACTIONS' is assigned a value but never used                                                                                                                       @typescript-eslint/no-unused-vars
   177:10   warning  'buildLine' is defined but never used                                                                                                                                   @typescript-eslint/no-unused-vars
   186:10   warning  'buildArea' is defined but never used                                                                                                                                   @typescript-eslint/no-unused-vars
   282:6    warning  React Hook useEffect has a missing dependency: 'yVals'. Either include it or remove the dependency array                                                                react-hooks/exhaustive-deps
   566:83   error    `"` can be escaped with `&quot;`, `&ldquo;`, `&#34;`, `&rdquo;`                                                                                                         react/no-unescaped-entities
   566:95   error    `"` can be escaped with `&quot;`, `&ldquo;`, `&#34;`, `&rdquo;`                                                                                                         react/no-unescaped-entities
   788:111  warning  React Hook useEffect has a missing dependency: 'translateY'. Either include it or remove the dependency array                                                           react-hooks/exhaustive-deps
   814:88   error    `"` can be escaped with `&quot;`, `&ldquo;`, `&#34;`, `&rdquo;`                                                                                                         react/no-unescaped-entities
   814:100  error    `"` can be escaped with `&quot;`, `&ldquo;`, `&#34;`, `&rdquo;`                                                                                                         react/no-unescaped-entities
   888:111  warning  React Hook useEffect has a missing dependency: 'translateY'. Either include it or remove the dependency array                                                           react-hooks/exhaustive-deps
  1021:7    warning  'AnimatedRect' is assigned a value but never used                                                                                                                       @typescript-eslint/no-unused-vars
  1033:6    warning  React Hook useEffect has missing dependencies: 'op', 'piece.delay', 'piece.rotDir', 'rot', 'screenHeight', and 'y'. Either include them or remove the dependency array  react-hooks/exhaustive-deps
  1056:6    warning  React Hook useEffect has a missing dependency: 'onDone'. Either include it or remove the dependency array                                                               react-hooks/exhaustive-deps
  1083:6    warning  React Hook useEffect has a missing dependency: 'translateY'. Either include it or remove the dependency array                                                           react-hooks/exhaustive-deps
  1306:6    warning  React Hook useEffect has a missing dependency: 'slideX'. Either include it or remove the dependency array                                                               react-hooks/exhaustive-deps
  1362:6    warning  React Hook useEffect has missing dependencies: 'duration' and 'progress'. Either include them or remove the dependency array                                            react-hooks/exhaustive-deps
  1387:74   warning  'addWalletBagItem' is assigned a value but never used                                                                                                                   @typescript-eslint/no-unused-vars
  1387:92   warning  'updateWalletBagItem' is assigned a value but never used                                                                                                                @typescript-eslint/no-unused-vars
  1387:113  warning  'removeWalletBagItem' is assigned a value but never used                                                                                                                @typescript-eslint/no-unused-vars
  1394:6    warning  React Hook useEffect has missing dependencies: 'setWalletBag' and 'storeBag.length'. Either include them or remove the dependency array                                 react-hooks/exhaustive-deps
  1422:6    warning  React Hook useCallback has a missing dependency: 'setBag'. Either include it or remove the dependency array                                                             react-hooks/exhaustive-deps
  1515:6    warning  React Hook useCallback has missing dependencies: 'setBag' and 'updateMemberStats'. Either include them or remove the dependency array                                   react-hooks/exhaustive-deps
  1533:6    warning  React Hook useCallback has missing dependencies: 'familyMembers' and 'setBag'. Either include them or remove the dependency array                                       react-hooks/exhaustive-deps
  1547:6    warning  React Hook useCallback has a missing dependency: 'setBag'. Either include it or remove the dependency array                                                             react-hooks/exhaustive-deps
  1612:100  error    `'` can be escaped with `&apos;`, `&lsquo;`, `&#39;`, `&rsquo;`                                                                                                         react/no-unescaped-entities
  1744:13   error    `"` can be escaped with `&quot;`, `&ldquo;`, `&#34;`, `&rdquo;`                                                                                                         react/no-unescaped-entities
  1744:34   error    `"` can be escaped with `&quot;`, `&ldquo;`, `&#34;`, `&rdquo;`                                                                                                         react/no-unescaped-entities

/Users/haewonkim/.codex-fabric/worktrees/CF-271ed28547164d4053c0c3f2/app/(app)/settings/about.tsx
  8:3  warning  'Image' is defined but never used  @typescript-eslint/no-unused-vars

/Users/haewonkim/.codex-fabric/worktrees/CF-271ed28547164d4053c0c3f2/app/(app)/settings/household.tsx
   8:3   warning  'Image' is defined but never used  @typescript-eslint/no-unused-vars
  12:29  warning  'Users' is defined but never used  @typescript-eslint/no-unused-vars

/Users/haewonkim/.codex-fabric/worktrees/CF-271ed28547164d4053c0c3f2/app/(app)/settings/invite.tsx
  90:20  error  `'` can be escaped with `&apos;`, `&lsquo;`, `&#39;`, `&rsquo;`  react/no-unescaped-entities

/Users/haewonkim/.codex-fabric/worktrees/CF-271ed28547164d4053c0c3f2/app/_layout.tsx
  31:6  warning  React Hook useEffect has missing dependencies: 'setInitialized' and 'setSession'. Either include them or remove the dependency array  react-hooks/exhaustive-deps
  56:6  warning  React Hook useEffect has a missing dependency: 'router'. Either include it or remove the dependency array                             react-hooks/exhaustive-deps

/Users/haewonkim/.codex-fabric/worktrees/CF-271ed28547164d4053c0c3f2/app/index.tsx
    1:38  warning  'useRef' is defined but never used                                                                                                                                                     @typescript-eslint/no-unused-vars
   23:43  warning  'ChevronRight' is defined but never used                                                                                                                                               @typescript-eslint/no-unused-vars
   35:3   warning  'runOnJS' is defined but never used                                                                                                                                                    @typescript-eslint/no-unused-vars
   38:3   warning  'cancelAnimation' is defined but never used                                                                                                                                            @typescript-eslint/no-unused-vars
   75:8   warning  React Hook useMemo has a missing dependency: 'colors'. Either include it or remove the dependency array                                                                                react-hooks/exhaustive-deps
  117:6   warning  React Hook useEffect has missing dependencies: 'index', 'opacityAnim', 'orb.opacity', 'orb.speed', 'translateX', and 'translateY'. Either include them or remove the dependency array  react-hooks/exhaustive-deps
  158:6   warning  React Hook useEffect has missing dependencies: 'glowOpacity', 'scale', and 'shimmerX'. Either include them or remove the dependency array                                              react-hooks/exhaustive-deps
  212:6   warning  React Hook useEffect has missing dependencies: 'delay', 'opacity', and 'translateY'. Either include them or remove the dependency array                                                react-hooks/exhaustive-deps
  327:6   warning  React Hook useEffect has missing dependencies: 'bgX' and 'bgY'. Either include them or remove the dependency array                                                                     react-hooks/exhaustive-deps
  342:6   warning  React Hook useEffect has missing dependencies: 'contentOpacity', 'sheetY', and 'tickerOpacity'. Either include them or remove the dependency array                                     react-hooks/exhaustive-deps

/Users/haewonkim/.codex-fabric/worktrees/CF-271ed28547164d4053c0c3f2/app/onboarding/done.tsx
  53:6   warning  React Hook useEffect has missing dependencies: 'fadeAnim' and 'scaleAnim'. Either include them or remove the dependency array  react-hooks/exhaustive-deps
  61:9   warning  'me' is assigned a value but never used                                                                                        @typescript-eslint/no-unused-vars
  71:48  error    `'` can be escaped with `&apos;`, `&lsquo;`, `&#39;`, `&rsquo;`                                                                react/no-unescaped-entities
  91:59  error    `'` can be escaped with `&apos;`, `&lsquo;`, `&#39;`, `&rsquo;`                                                                react/no-unescaped-entities
  91:66  error    `'` can be escaped with `&apos;`, `&lsquo;`, `&#39;`, `&rsquo;`                                                                react/no-unescaped-entities

/Users/haewonkim/.codex-fabric/worktrees/CF-271ed28547164d4053c0c3f2/app/onboarding/family.tsx
  38:21  warning  Array type using 'Array<T>' is forbidden. Use 'T[]' instead  @typescript-eslint/array-type

/Users/haewonkim/.codex-fabric/worktrees/CF-271ed28547164d4053c0c3f2/app/onboarding/index.tsx
  18:9  warning  'width' is assigned a value but never used  @typescript-eslint/no-unused-vars

/Users/haewonkim/.codex-fabric/worktrees/CF-271ed28547164d4053c0c3f2/app/onboarding/profile.tsx
   35:14  warning  Array type using 'Array<T>' is forbidden. Use 'T[]' instead      @typescript-eslint/array-type
  130:59  error    `'` can be escaped with `&apos;`, `&lsquo;`, `&#39;`, `&rsquo;`  react/no-unescaped-entities

/Users/haewonkim/.codex-fabric/worktrees/CF-271ed28547164d4053c0c3f2/components/AvatarPicker.tsx
  279:49  error  `"` can be escaped with `&quot;`, `&ldquo;`, `&#34;`, `&rdquo;`  react/no-unescaped-entities
  279:60  error  `"` can be escaped with `&quot;`, `&ldquo;`, `&#34;`, `&rdquo;`  react/no-unescaped-entities

/Users/haewonkim/.codex-fabric/worktrees/CF-271ed28547164d4053c0c3f2/components/ChoreModals.tsx
    3:44   warning  'ScrollView' is defined but never used                                                                                                                                                                                                                                          @typescript-eslint/no-unused-vars
    4:3    warning  'StyleSheet' is defined but never used                                                                                                                                                                                                                                          @typescript-eslint/no-unused-vars
    4:22   warning  'Alert' is defined but never used                                                                                                                                                                                                                                               @typescript-eslint/no-unused-vars
    5:13   warning  'Dimensions' is defined but never used                                                                                                                                                                                                                                          @typescript-eslint/no-unused-vars
    8:6    warning  'CheckCircle2' is defined but never used                                                                                                                                                                                                                                        @typescript-eslint/no-unused-vars
    8:20   warning  'Clock' is defined but never used                                                                                                                                                                                                                                               @typescript-eslint/no-unused-vars
    9:29   warning  'CalendarIcon' is defined but never used                                                                                                                                                                                                                                        @typescript-eslint/no-unused-vars
    9:43   warning  'Users' is defined but never used                                                                                                                                                                                                                                               @typescript-eslint/no-unused-vars
    9:50   warning  'UserCheck' is defined but never used                                                                                                                                                                                                                                           @typescript-eslint/no-unused-vars
   10:3    warning  'AlertTriangle' is defined but never used                                                                                                                                                                                                                                       @typescript-eslint/no-unused-vars
   10:18   warning  'BellRing' is defined but never used                                                                                                                                                                                                                                            @typescript-eslint/no-unused-vars
   10:37   warning  'Pencil' is defined but never used                                                                                                                                                                                                                                              @typescript-eslint/no-unused-vars
   10:45   warning  'ChevronDown' is defined but never used                                                                                                                                                                                                                                         @typescript-eslint/no-unused-vars
   10:58   warning  'ChevronUp' is defined but never used                                                                                                                                                                                                                                           @typescript-eslint/no-unused-vars
   11:3    warning  'RotateCcw' is defined but never used                                                                                                                                                                                                                                           @typescript-eslint/no-unused-vars
   11:27   warning  'Smartphone' is defined but never used                                                                                                                                                                                                                                          @typescript-eslint/no-unused-vars
   14:61   warning  'withSequence' is defined but never used                                                                                                                                                                                                                                        @typescript-eslint/no-unused-vars
   14:75   warning  'withDelay' is defined but never used                                                                                                                                                                                                                                           @typescript-eslint/no-unused-vars
   14:86   warning  'interpolateColor' is defined but never used                                                                                                                                                                                                                                    @typescript-eslint/no-unused-vars
   14:112  warning  'FadeInDown' is defined but never used                                                                                                                                                                                                                                          @typescript-eslint/no-unused-vars
   14:124  warning  'FadeOut' is defined but never used                                                                                                                                                                                                                                             @typescript-eslint/no-unused-vars
   15:12   warning  'Layout' is defined but never used                                                                                                                                                                                                                                              @typescript-eslint/no-unused-vars
   15:20   warning  'interpolate' is defined but never used                                                                                                                                                                                                                                         @typescript-eslint/no-unused-vars
   15:33   warning  'Extrapolation' is defined but never used                                                                                                                                                                                                                                       @typescript-eslint/no-unused-vars
   19:13   warning  'ImagePicker' is defined but never used                                                                                                                                                                                                                                         @typescript-eslint/no-unused-vars
   24:43   warning  'GOLDEN_RADIUS' is defined but never used                                                                                                                                                                                                                                       @typescript-eslint/no-unused-vars
   26:10   warning  'getTodayStr' is defined but never used                                                                                                                                                                                                                                         @typescript-eslint/no-unused-vars
   26:23   warning  'getLocalFormattedDate' is defined but never used                                                                                                                                                                                                                               @typescript-eslint/no-unused-vars
   26:82   warning  'parseLocalDate' is defined but never used                                                                                                                                                                                                                                      @typescript-eslint/no-unused-vars
   40:6    warning  React Hook useEffect has a missing dependency: 'progress'. Either include it or remove the dependency array                                                                                                                                                                     react-hooks/exhaustive-deps
   97:6    warning  React Hook useEffect has missing dependencies: 'opacity' and 'translateY'. Either include them or remove the dependency array                                                                                                                                                   react-hooks/exhaustive-deps
  168:6    warning  React Hook useEffect has missing dependencies: 'initialDate' and 'minDate'. Either include them or remove the dependency array. If 'setViewYear' needs the current value of 'minDate', you can also switch to useReducer instead of useState and read 'minDate' in the reducer  react-hooks/exhaustive-deps
  168:7    warning  React Hook useEffect has a complex expression in the dependency array. Extract it to a separate variable so it can be statically checked                                                                                                                                        react-hooks/exhaustive-deps
  276:21   warning  'setSectionId' is assigned a value but never used                                                                                                                                                                                                                               @typescript-eslint/no-unused-vars
  278:26   warning  'setRecurrenceRule' is assigned a value but never used                                                                                                                                                                                                                          @typescript-eslint/no-unused-vars
  341:18   warning  'setPoints' is assigned a value but never used                                                                                                                                                                                                                                  @typescript-eslint/no-unused-vars
  342:21   warning  'setSectionId' is assigned a value but never used                                                                                                                                                                                                                               @typescript-eslint/no-unused-vars
  343:23   warning  'setIsRecurring' is assigned a value but never used                                                                                                                                                                                                                             @typescript-eslint/no-unused-vars
  344:26   warning  'setRecurrenceRule' is assigned a value but never used                                                                                                                                                                                                                          @typescript-eslint/no-unused-vars
  387:6    warning  React Hook useEffect has a missing dependency: 'translateY'. Either include it or remove the dependency array                                                                                                                                                                   react-hooks/exhaustive-deps

/Users/haewonkim/.codex-fabric/worktrees/CF-271ed28547164d4053c0c3f2/components/DevToolsOverlay.tsx
  16:3   warning  Unused eslint-disable directive (no problems were reported from '@typescript-eslint/no-explicit-any')
  23:27  error    React Hook "useState" is called conditionally. React Hooks must be called in the exact same order in every component render            react-hooks/rules-of-hooks
  24:18  error    React Hook "useRouter" is called conditionally. React Hooks must be called in the exact same order in every component render           react-hooks/rules-of-hooks
  25:23  error    React Hook "useHuddleStore" is called conditionally. React Hooks must be called in the exact same order in every component render      react-hooks/rules-of-hooks
  26:26  error    React Hook "useHuddleStore" is called conditionally. React Hooks must be called in the exact same order in every component render      react-hooks/rules-of-hooks
  27:27  error    React Hook "useHuddleStore" is called conditionally. React Hooks must be called in the exact same order in every component render      react-hooks/rules-of-hooks
  28:25  error    React Hook "useHuddleStore" is called conditionally. React Hooks must be called in the exact same order in every component render      react-hooks/rules-of-hooks
  29:29  error    React Hook "useOnboardingStore" is called conditionally. React Hooks must be called in the exact same order in every component render  react-hooks/rules-of-hooks

/Users/haewonkim/.codex-fabric/worktrees/CF-271ed28547164d4053c0c3f2/components/WeeklyMenuSection.tsx
    16:36   warning  'useCallback' is defined but never used                                                                                                                                                                                                                                                        @typescript-eslint/no-unused-vars
    21:24   warning  'useSafeAreaInsets' is defined but never used                                                                                                                                                                                                                                                  @typescript-eslint/no-unused-vars
    24:45   warning  'Star' is defined but never used                                                                                                                                                                                                                                                               @typescript-eslint/no-unused-vars
    25:14   warning  'UtensilsCrossed' is defined but never used                                                                                                                                                                                                                                                    @typescript-eslint/no-unused-vars
    54:7    warning  'SHADOW' is assigned a value but never used                                                                                                                                                                                                                                                    @typescript-eslint/no-unused-vars
    74:19   warning  Array type using 'Array<T>' is forbidden. Use 'T[]' instead                                                                                                                                                                                                                                    @typescript-eslint/array-type
   130:8    warning  React Hook useEffect has a missing dependency: 'anim'. Either include it or remove the dependency array                                                                                                                                                                                        react-hooks/exhaustive-deps
   154:10   warning  'CookChip' is defined but never used                                                                                                                                                                                                                                                           @typescript-eslint/no-unused-vars
   167:10   warning  'PhaseBadge' is defined but never used                                                                                                                                                                                                                                                         @typescript-eslint/no-unused-vars
   200:8    warning  React Hook useEffect has a missing dependency: 'translateY'. Either include it or remove the dependency array                                                                                                                                                                                  react-hooks/exhaustive-deps
   226:8    warning  React Hook useEffect has a missing dependency: 'translateY'. Either include it or remove the dependency array                                                                                                                                                                                  react-hooks/exhaustive-deps
   244:9    warning  Expected an assignment or function call and instead saw an expression                                                                                                                                                                                                                          no-unused-expressions
   427:31   warning  'cc' is assigned a value but never used                                                                                                                                                                                                                                                        @typescript-eslint/no-unused-vars
   493:10   warning  'DayDetailModal' is defined but never used                                                                                                                                                                                                                                                     @typescript-eslint/no-unused-vars
   586:8    warning  React Hook useEffect has a missing dependency: 'translateY'. Either include it or remove the dependency array                                                                                                                                                                                  react-hooks/exhaustive-deps
   607:11   warning  'mt' is assigned a value but never used                                                                                                                                                                                                                                                        @typescript-eslint/no-unused-vars
   610:29   error    React Hook "useMemo" is called conditionally. React Hooks must be called in the exact same order in every component render                                                                                                                                                                     react-hooks/rules-of-hooks
   616:32   error    React Hook "useMemo" is called conditionally. React Hooks must be called in the exact same order in every component render                                                                                                                                                                     react-hooks/rules-of-hooks
   728:126  error    `'` can be escaped with `&apos;`, `&lsquo;`, `&#39;`, `&rsquo;`                                                                                                                                                                                                                                react/no-unescaped-entities
   861:69   error    `'` can be escaped with `&apos;`, `&lsquo;`, `&#39;`, `&rsquo;`                                                                                                                                                                                                                                react/no-unescaped-entities
   937:93   warning  'menuPhase' is assigned a value but never used                                                                                                                                                                                                                                                 @typescript-eslint/no-unused-vars
  1032:64   error    `'` can be escaped with `&apos;`, `&lsquo;`, `&#39;`, `&rsquo;`                                                                                                                                                                                                                                react/no-unescaped-entities
  1095:77   warning  'startNextWeek' is assigned a value but never used                                                                                                                                                                                                                                             @typescript-eslint/no-unused-vars
  1112:8    warning  React Hook useEffect has missing dependencies: 'sorted' and 'startOnSchedule'. Either include them or remove the dependency array. If 'setView' needs the current value of 'startOnSchedule', you can also switch to useReducer instead of useState and read 'startOnSchedule' in the reducer  react-hooks/exhaustive-deps
  1210:73   error    `'` can be escaped with `&apos;`, `&lsquo;`, `&#39;`, `&rsquo;`                                                                                                                                                                                                                                react/no-unescaped-entities
  1288:68   error    `'` can be escaped with `&apos;`, `&lsquo;`, `&#39;`, `&rsquo;`                                                                                                                                                                                                                                react/no-unescaped-entities
  1336:103  error    `'` can be escaped with `&apos;`, `&lsquo;`, `&#39;`, `&rsquo;`                                                                                                                                                                                                                                react/no-unescaped-entities
  1372:11   warning  'hasContent' is assigned a value but never used                                                                                                                                                                                                                                                @typescript-eslint/no-unused-vars
  1441:102  error    `'` can be escaped with `&apos;`, `&lsquo;`, `&#39;`, `&rsquo;`                                                                                                                                                                                                                                react/no-unescaped-entities
  1507:10   warning  'VoteBanner' is defined but never used                                                                                                                                                                                                                                                         @typescript-eslint/no-unused-vars
  1582:63   error    `'` can be escaped with `&apos;`, `&lsquo;`, `&#39;`, `&rsquo;`                                                                                                                                                                                                                                react/no-unescaped-entities
  1591:24   warning  'startNextWeek' is assigned a value but never used                                                                                                                                                                                                                                             @typescript-eslint/no-unused-vars
  1609:8    warning  React Hook useEffect has missing dependencies: 'checkAndAdvanceVotingPhase', 'familyMembers.length', and 'todayIdx'. Either include them or remove the dependency array                                                                                                                        react-hooks/exhaustive-deps
  1622:60   error    `'` can be escaped with `&apos;`, `&lsquo;`, `&#39;`, `&rsquo;`                                                                                                                                                                                                                                react/no-unescaped-entities

/Users/haewonkim/.codex-fabric/worktrees/CF-271ed28547164d4053c0c3f2/components/games/RandomAssignmentGames.tsx
    26:8   warning  'Shuffle' is defined but never used                                                                                                                                                                                                                                      @typescript-eslint/no-unused-vars
    26:45  warning  'ChevronRight' is defined but never used                                                                                                                                                                                                                                 @typescript-eslint/no-unused-vars
    27:12  warning  'Zap' is defined but never used                                                                                                                                                                                                                                          @typescript-eslint/no-unused-vars
    29:39  warning  'GameRun' is defined but never used                                                                                                                                                                                                                                      @typescript-eslint/no-unused-vars
    52:18  warning  Array type using 'Array<T>' is forbidden. Use 'T[]' instead                                                                                                                                                                                                              @typescript-eslint/array-type
   103:10  warning  'LightningAuctionGame' is defined but never used                                                                                                                                                                                                                         @typescript-eslint/no-unused-vars
   127:8   warning  React Hook useMemo has missing dependencies: 'members', 'rng', and 'winnerIdx'. Either include them or remove the dependency array                                                                                                                                       react-hooks/exhaustive-deps
   133:11  warning  'roundAnim' is assigned a value but never used                                                                                                                                                                                                                           @typescript-eslint/no-unused-vars
   188:8   warning  React Hook useCallback has missing dependencies: 'boltOpacity', 'members', 'onDone', 'voltAnims', and 'voltages'. Either include them or remove the dependency array                                                                                                     react-hooks/exhaustive-deps
   190:11  warning  'W' is assigned a value but never used                                                                                                                                                                                                                                   @typescript-eslint/no-unused-vars
   290:10  warning  'CrystalBallGame' is defined but never used                                                                                                                                                                                                                              @typescript-eslint/no-unused-vars
   317:8   warning  React Hook useMemo has missing dependencies: 'CX', 'members.length', and 'rng'. Either include them or remove the dependency array                                                                                                                                       react-hooks/exhaustive-deps
   322:66  warning  Array type using 'Array<T>' is forbidden. Use 'T[]' instead                                                                                                                                                                                                              @typescript-eslint/array-type
   384:8   warning  React Hook useCallback has missing dependencies: 'CX', 'glowOpacity', 'mistOpacity', 'onDone', 'particles', 'revealScale', and 'winnerIdx'. Either include them or remove the dependency array                                                                           react-hooks/exhaustive-deps
   514:10  warning  'LavaLampGame' is defined but never used                                                                                                                                                                                                                                 @typescript-eslint/no-unused-vars
   543:8   warning  React Hook useCallback has missing dependencies: 'W' and 'rng'. Either include them or remove the dependency array                                                                                                                                                       react-hooks/exhaustive-deps
   562:15  warning  'totalElimTime' is assigned a value but never used                                                                                                                                                                                                                       @typescript-eslint/no-unused-vars
   613:8   warning  React Hook useCallback has missing dependencies: 'W', 'initBlobs', 'onDone', and 'rng'. Either include them or remove the dependency array                                                                                                                               react-hooks/exhaustive-deps
   696:50  error    `'` can be escaped with `&apos;`, `&lsquo;`, `&#39;`, `&rsquo;`                                                                                                                                                                                                          react/no-unescaped-entities
   867:9   warning  React Hook useMemo has missing dependencies: 'members' and 'rng'. Either include them or remove the dependency array                                                                                                                                                     react-hooks/exhaustive-deps
   931:8   warning  React Hook useMemo has missing dependencies: 'members', 'obstacles', 'rng', and 'winnerIdx'. Either include them or remove the dependency array                                                                                                                          react-hooks/exhaustive-deps
   938:11  warning  'horseEffectsRef' is assigned a value but never used                                                                                                                                                                                                                     @typescript-eslint/no-unused-vars
  1004:8   warning  React Hook useCallback has missing dependencies: 'STEP_MS', 'horsePaths', 'members', and 'onDone'. Either include them or remove the dependency array. If 'onDone' changes too often, find the parent component that defines it and wrap that definition in useCallback  react-hooks/exhaustive-deps
  1031:8   warning  React Hook useMemo has a missing dependency: 'members'. Either include it or remove the dependency array                                                                                                                                                                 react-hooks/exhaustive-deps
  1032:11  warning  'loserIdx' is assigned a value but never used                                                                                                                                                                                                                            @typescript-eslint/no-unused-vars
  1051:11  warning  'TRACK_TOP' is assigned a value but never used                                                                                                                                                                                                                           @typescript-eslint/no-unused-vars
  1423:10  warning  'BubblePopGame' is defined but never used                                                                                                                                                                                                                                @typescript-eslint/no-unused-vars
  1462:8   warning  React Hook useCallback has missing dependencies: 'BUBBLES_PER_MEMBER', 'W', and 'rng'. Either include them or remove the dependency array                                                                                                                                react-hooks/exhaustive-deps
  1533:8   warning  React Hook useCallback has missing dependencies: 'W', 'initBubbles', 'onDone', and 'rng'. Either include them or remove the dependency array                                                                                                                             react-hooks/exhaustive-deps
  1539:11  warning  'aliveCount' is assigned a value but never used                                                                                                                                                                                                                          @typescript-eslint/no-unused-vars
  1540:11  warning  'winnerBubblesAlive' is assigned a value but never used                                                                                                                                                                                                                  @typescript-eslint/no-unused-vars
  1626:50  error    `'` can be escaped with `&apos;`, `&lsquo;`, `&#39;`, `&rsquo;`                                                                                                                                                                                                          react/no-unescaped-entities
  1739:8   warning  React Hook useEffect has a missing dependency: 'allMembers'. Either include it or remove the dependency array                                                                                                                                                            react-hooks/exhaustive-deps
  1792:8   warning  React Hook useCallback has missing dependencies: 'addRun', 'onAssigned', and 'onClose'. Either include them or remove the dependency array. If 'onAssigned' changes too often, find the parent component that defines it and wrap that definition in useCallback         react-hooks/exhaustive-deps
  1841:82  error    `'` can be escaped with `&apos;`, `&lsquo;`, `&#39;`, `&rsquo;`                                                                                                                                                                                                          react/no-unescaped-entities

✖ 486 problems (62 errors, 424 warnings)
  0 errors and 16 warnings potentially fixable with the `--fix` option.

